{
	"events" : [
		{
			"date": "25/05/2023",
			"data" : {
				"title" : "some title",
				"custom event data" : "here"
			}
		},
		{
			"date": "30/05/2023",
			"data" : {
				"title" : "some title",
				"custom event data" : "here"
			}
		},
		{
			"date": "2/05/2023",
			"data" : {
				"title" : "some title",
				"custom event data" : "here"
			}
		},
		{
			"date": "1/04/2023",
			"data" : {
				"title" : "some title",
				"custom event data" : "here"
			}
		},
		{
			"date": "1/06/2023",
			"data" : {
				"title" : "some title",
				"custom event data" : "here"
			}
		},
		{
			"date": "2/06/2023",
			"data" : {
				"title" : "some title",
				"custom event data" : "here"
			}
		},
		{
			"date": "4/06/2023",
			"data" : {
				"title" : "some title",
				"custom event data" : "here"
			}
		},
		{
			"date": "3/07/2023",
			"data" : {
				"title" : "some title",
				"custom event data" : "here"
			}
		}
	]
}